Workbook

Sheet Ehepaar
E1: Kinder | F1: 2
E2: =CONCATENATE("Ehapaar, Anzahl Kinder: ",F1) -> Ehapaar, Anzahl Kinder: 2 | Q2: Erwerbseinkommen
A3: Abzüge | E3: Direkte Bundesteuer status quo | F3: Direkte Bundesteuer neu (Individualbest.) | H3: Direkte Bundesteuer ASB, Szenario niedrige Belastung, individuell | J3: Direkte Bundesteuer ASB, Szenario hohe Belastung, individuell | L3: Direkte Bundesteuer ASB, Szenario niedrige Belastung, gemeinsame Besteuerung | M3: Direkte Bundesteuer ASB, Szenario hohe Belastung, gemeinsame Besteuerung | N3: Modell alternative Steuerberechnung | Q3: Nicht-Erwerbseinkommen | R3: Status quo ohne Kinder | S3: Status quo mit Kindern
E5: Gesamteinkommen | F5: Ersteinkommen | G5: Zweiteinkommen | H5: Ersteinkommen | I5: Zweiteinkommen | J5: Ersteinkommen | K5: Zweiteinkommen
A6: 2000 | D6: Einkommen (Erwerbseinkommen) abzügl. Sozialversicherungsbeiträge | E6: =SUM(B24:C24) -> 140000 | F6: =$B$24 -> 140000 | G6: =$C$24 -> 0 | H6: =$B$24 -> 140000 | I6: =$C$24 -> 0 | J6: =$B$24 -> 140000 | K6: =$C$24 -> 0 | L6: =SUM(H6:I6) -> 140000 | M6: =SUM(J6:K6) -> 140000
A7: 4000 | B7: 0.03 | C7: Gemäss Verordnung | D7: Berufskosten pauschal 3% | E7: =SUM(F7:G7) -> -4000 | F7: =IF(B23=$Q$2,MAX(-B24,MIN(-$A6,MAX(-$A7,-$B7*B24))),0) -> -4000 | G7: =IF(C23=$Q$2,MAX(-C24,MIN(-$A6,MAX(-$A7,-$B7*C24))),0) -> 0 | H7: =IF(B23=$Q$2,MAX(-B24,MIN(-$A6,MAX(-$A7,-$B7*B24))),0) -> -4000 | I7: =IF(C23=$Q$2,MAX(-C24,MIN(-$A6,MAX(-$A7,-$B7*C24))),0) -> 0 | J7: =IF(B23=$Q$2,MAX(-B24,MIN(-$A6,MAX(-$A7,-$B7*B24))),0) -> -4000 | K7: =IF(C23=$Q$2,MAX(-C24,MIN(-$A6,MAX(-$A7,-$B7*C24))),0) -> 0 | L7: =SUM(H7:I7) -> -4000 | M7: =SUM(J7:K7) -> -4000
A8: 3700 | B8: 1800 | C8: Art. 33 Abs. 1 Bst. g DBG | D8: Versicherungsabzug | E8: =-$A8 -> -3700 | F8: =-$B8 -> -1800 | G8: =-$B8 -> -1800 | H8: =-$B8 -> -1800 | I8: =-$B8 -> -1800 | J8: =-$B8 -> -1800 | K8: =-$B8 -> -1800 | L8: =-$A8 -> -3700 | M8: =-$A8 -> -3700
A9: 6800 | B9: 12000 | C9: Art. 35 Abs. 1 Bst. a DBG | D9: Kinderabzug | E9: =-$F$1*$A9 -> -13600 | F9: =-($F$1/2)*$B9 -> -12000 | G9: =-($F$1/2)*$B9 -> -12000 | H9: =-($F$1/2)*$A9 -> -6800 | I9: =-($F$1/2)*$A9 -> -6800 | J9: =-($F$1/2)*$A9 -> -6800 | K9: =-($F$1/2)*$A9 -> -6800 | L9: =-$F$1*$A9 -> -13600 | M9: =-$F$1*$A9 -> -13600
B10: 700 | C10: Art. 33 Abs. 1bis Bst. b DBG | D10: Versicherungsabzug Kinder | E10: =-$F$1*$B10 -> -1400 | F10: =-($F$1/2)*$B10 -> -700 | G10: =-($F$1/2)*$B10 -> -700 | H10: =-($F$1/2)*$B10 -> -700 | I10: =-($F$1/2)*$B10 -> -700 | J10: =-($F$1/2)*$B10 -> -700 | K10: =-($F$1/2)*$B10 -> -700 | L10: =-$F$1*$B10 -> -1400 | M10: =-$F$1*$B10 -> -1400
A11: 14100 | B11: 8600 | C11: Art. 33 Abs. 2 DBG | D11: Zweiverdienerabzug | E11: =IF(AND(B23=$Q$2,C23=$Q$2),-MIN((C24+G7),MAX($B11,MIN((C24+G7)/2,$A11))),0) -> 0 | L11: =-IF(AND(B23=$Q$2,C23=$Q$2),MAX(B11,MIN((C24+I7),MAX($B11,MIN((C24+I7)/2,$A11)))),0) -> -8600 | M11: 0
B12: 8600 | D12: Einverdienerabzug | L12: =-IF(AND(B23=$Q$2,C23=$Q$2),MAX(0,B12-(-L11)),IF(OR(AND(B23=$Q$2,C23<>$Q$2),AND(B23<>$Q$2,C23=$Q$2)),B12,0)) -> 0 | M12: 0
B13: 2800 | C13: Art. 35 Abs. 1 Bst. c DBG | D13: Verheiratetenabzug | E13: =-$B13 -> -2800 | L13: =-$B13 -> -2800 | M13: 0
D14: Steuerbares Einkommen | E14: =MAX(0,SUM(E6:E13)) -> 114500 | F14: =MAX(0,SUM(F6:F13)) -> 121500 | G14: =MAX(0,SUM(G6:G13)) -> 0 | H14: =MAX(0,SUM(H6:H13)) -> 126700 | I14: =MAX(0,SUM(I6:I13)) -> 0 | J14: =MAX(0,SUM(J6:J13)) -> 126700 | K14: =MAX(0,SUM(K6:K13)) -> 0 | L14: =MAX(0,SUM(L6:L13)) -> 105900 | M14: =MAX(0,SUM(M6:M13)) -> 117300
C15: Art. 36 Abs. 1 bzw. 2 DBG | D15: Steuer gemäss Tariftabellen | E15: =E14*(IF(E14=0,0, IF(E14<=Tarife!$B$27,0, IF(E14<=Tarife!$B$28,Tarife!$C$27+Tarife!$E$27*(E14-Tarife!$B$27), IF(E14<=Tarife!$B$29,Tarife!$C$28+Tarife!$E$28*(E14-Tarife!$B$28), IF(E14<=Tarife!$B$30,Tarife!$C$29+Tarife!$E$29*(E14-Tarife!$B$29), IF(E14<=Tarife!$B$31,Tarife!$C$30+Tarife!$E$30*(E14-Tarife!$B$30), IF(E14<=Tarife!$B$32,Tarife!$C$31+Tarife!$E$31*(E14-Tarife!$B$31), IF(E14<=Tarife!$B$33,Tarife!$C$32+Tarife!$E$32*(E14-Tarife!$B$32), IF(E14<=Tarife!$B$34,Tarife!$C$33+Tarife!$E$33*(E14-Tarife!$B$33), IF(E14<=Tarife!$B$35,Tarife!$C$34+Tarife!$E$34*(E14-Tarife!$B$34), IF(E14<=Tarife!$B$36,Tarife!$C$35+Tarife!$E$35*(E14-Tarife!$B$35), IF(E14<=Tarife!$B$37,Tarife!$C$36+Tarife!$E$36*(E14-Tarife!$B$36), IF(E14<=Tarife!$B$38,Tarife!$C$37+Tarife!$E$37*(E14-Tarife!$B$37), IF(E14<=Tarife!$B$39,Tarife!$C$38+Tarife!$E$38*(E14-Tarife!$B$38), IF(E14<=Tarife!$B$40,Tarife!$C$39+Tarife!$E$39*(E14-Tarife!$B$39), IF(E14<=10^10,Tarife!$C$41+Tarife!$E$41*(E14-Tarife!$B$41) )))))))))))))))/E14)) -> 2599 | F15: =F14*IF(F14=0,0,IF(F14<=Tarife!$B$2,0, IF(F14<=Tarife!$B$3,0+Tarife!$E$2*(F14-Tarife!$B$2), IF(F14<=Tarife!$B$4,Tarife!$C$3+Tarife!$E$3*(F14-Tarife!$B$3), IF(F14<=Tarife!$B$5,Tarife!$C$4+Tarife!$E$4*(F14-Tarife!$B$4), IF(F14<=Tarife!$B$6,Tarife!$C$5+Tarife!$E$5*(F14-Tarife!$B$5), IF(F14<=Tarife!$B$7,Tarife!$C$6+Tarife!$E$6*(F14-Tarife!$B$6), IF(F14<=Tarife!$B$8,Tarife!$C$7+Tarife!$E$7*(F14-Tarife!$B$7), IF(F14<=Tarife!$B$9,Tarife!$C$8+Tarife!$E$8*(F14-Tarife!$B$8), IF(F14<=Tarife!$B$10,Tarife!$C$9+Tarife!$E$9*(F14-Tarife!$B$9), IF(F14<=Tarife!$B$11,Tarife!$C$10+Tarife!$E$10*(F14-Tarife!$B$10), IF(F14<=10^10,Tarife!$C$11+Tarife!$E$11*(F14-Tarife!$B$11) )))))))))))/F14) -> 4625 | G15: =G14*IF(G14=0,0,IF(G14<=Tarife!$B$2,0, IF(G14<=Tarife!$B$3,0+Tarife!$E$2*(G14-Tarife!$B$2), IF(G14<=Tarife!$B$4,Tarife!$C$3+Tarife!$E$3*(G14-Tarife!$B$3), IF(G14<=Tarife!$B$5,Tarife!$C$4+Tarife!$E$4*(G14-Tarife!$B$4), IF(G14<=Tarife!$B$6,Tarife!$C$5+Tarife!$E$5*(G14-Tarife!$B$5), IF(G14<=Tarife!$B$7,Tarife!$C$6+Tarife!$E$6*(G14-Tarife!$B$6), IF(G14<=Tarife!$B$8,Tarife!$C$7+Tarife!$E$7*(G14-Tarife!$B$7), IF(G14<=Tarife!$B$9,Tarife!$C$8+Tarife!$E$8*(G14-Tarife!$B$8), IF(G14<=Tarife!$B$10,Tarife!$C$9+Tarife!$E$9*(G14-Tarife!$B$9), IF(G14<=Tarife!$B$11,Tarife!$C$10+Tarife!$E$10*(G14-Tarife!$B$10), IF(G14<=10^10,Tarife!$C$11+Tarife!$E$11*(G14-Tarife!$B$11) )))))))))))/G14) -> 0 | H15: =IF($F$1=0,R15,S15) -> 3392 | I15: =I14*(IF(I14=0,0, IF(I14<=Tarife!$B$16,0, IF(I14<=Tarife!$B$17,Tarife!$C$16+Tarife!$E$16*(I14-Tarife!$B$16), IF(I14<=Tarife!$B$18,Tarife!$C$17+Tarife!$E$17*(I14-Tarife!$B$17), IF(I14<=Tarife!$B$19,Tarife!$C$18+Tarife!$E$18*(I14-Tarife!$B$18), IF(I14<=Tarife!$B$20,Tarife!$C$19+Tarife!$E$19*(I14-Tarife!$B$19), IF(I14<=Tarife!$B$21,Tarife!$C$20+Tarife!$E$20*(I14-Tarife!$B$20), IF(I14<=Tarife!$B$22,Tarife!$C$21+Tarife!$E$21*(I14-Tarife!$B$21), IF(I14<=Tarife!$B$23,Tarife!$C$22+Tarife!$E$22*(I14-Tarife!$B$22), IF(I14<=Tarife!$B$24,Tarife!$C$23+Tarife!$E$23*(I14-Tarife!$B$23), IF(I14<=Tarife!$B$26,Tarife!$C$24+Tarife!$E$24*(I14-Tarife!$B$24), IF(I14<=10^10,Tarife!$C$26+Tarife!$E$26*(I14-Tarife!$B$26) ))))))))))/I14))) -> 0 | J15: =J14*(IF(J14=0,0, IF(J14<=Tarife!$B$16,0, IF(J14<=Tarife!$B$17,Tarife!$C$16+Tarife!$E$16*(J14-Tarife!$B$16), IF(J14<=Tarife!$B$18,Tarife!$C$17+Tarife!$E$17*(J14-Tarife!$B$17), IF(J14<=Tarife!$B$19,Tarife!$C$18+Tarife!$E$18*(J14-Tarife!$B$18), IF(J14<=Tarife!$B$20,Tarife!$C$19+Tarife!$E$19*(J14-Tarife!$B$19), IF(J14<=Tarife!$B$21,Tarife!$C$20+Tarife!$E$20*(J14-Tarife!$B$20), IF(J14<=Tarife!$B$22,Tarife!$C$21+Tarife!$E$21*(J14-Tarife!$B$21), IF(J14<=Tarife!$B$23,Tarife!$C$22+Tarife!$E$22*(J14-Tarife!$B$22), IF(J14<=Tarife!$B$24,Tarife!$C$23+Tarife!$E$23*(J14-Tarife!$B$23), IF(J14<=Tarife!$B$26,Tarife!$C$24+Tarife!$E$24*(J14-Tarife!$B$24), IF(J14<=10^10,Tarife!$C$26+Tarife!$E$26*(J14-Tarife!$B$26) ))))))))))/J14))) -> 4838.15 | K15: =K14*(IF(K14=0,0, IF(K14<=Tarife!$B$16,0, IF(K14<=Tarife!$B$17,Tarife!$C$16+Tarife!$E$16*(K14-Tarife!$B$16), IF(K14<=Tarife!$B$18,Tarife!$C$17+Tarife!$E$17*(K14-Tarife!$B$17), IF(K14<=Tarife!$B$19,Tarife!$C$18+Tarife!$E$18*(K14-Tarife!$B$18), IF(K14<=Tarife!$B$20,Tarife!$C$19+Tarife!$E$19*(K14-Tarife!$B$19), IF(K14<=Tarife!$B$21,Tarife!$C$20+Tarife!$E$20*(K14-Tarife!$B$20), IF(K14<=Tarife!$B$22,Tarife!$C$21+Tarife!$E$21*(K14-Tarife!$B$21), IF(K14<=Tarife!$B$23,Tarife!$C$22+Tarife!$E$22*(K14-Tarife!$B$22), IF(K14<=Tarife!$B$24,Tarife!$C$23+Tarife!$E$23*(K14-Tarife!$B$23), IF(K14<=Tarife!$B$26,Tarife!$C$24+Tarife!$E$24*(K14-Tarife!$B$24), IF(K14<=10^10,Tarife!$C$26+Tarife!$E$26*(K14-Tarife!$B$26) ))))))))))/K14))) -> 0 | L15: =L14*(IF(L14=0,0, IF(L14<=Tarife!$B$27,0, IF(L14<=Tarife!$B$28,Tarife!$C$27+Tarife!$E$27*(L14-Tarife!$B$27), IF(L14<=Tarife!$B$29,Tarife!$C$28+Tarife!$E$28*(L14-Tarife!$B$28), IF(L14<=Tarife!$B$30,Tarife!$C$29+Tarife!$E$29*(L14-Tarife!$B$29), IF(L14<=Tarife!$B$31,Tarife!$C$30+Tarife!$E$30*(L14-Tarife!$B$30), IF(L14<=Tarife!$B$32,Tarife!$C$31+Tarife!$E$31*(L14-Tarife!$B$31), IF(L14<=Tarife!$B$33,Tarife!$C$32+Tarife!$E$32*(L14-Tarife!$B$32), IF(L14<=Tarife!$B$34,Tarife!$C$33+Tarife!$E$33*(L14-Tarife!$B$33), IF(L14<=Tarife!$B$35,Tarife!$C$34+Tarife!$E$34*(L14-Tarife!$B$34), IF(L14<=Tarife!$B$36,Tarife!$C$35+Tarife!$E$35*(L14-Tarife!$B$35), IF(L14<=Tarife!$B$37,Tarife!$C$36+Tarife!$E$36*(L14-Tarife!$B$36), IF(L14<=Tarife!$B$38,Tarife!$C$37+Tarife!$E$37*(L14-Tarife!$B$37), IF(L14<=Tarife!$B$39,Tarife!$C$38+Tarife!$E$38*(L14-Tarife!$B$38), IF(L14<=Tarife!$B$40,Tarife!$C$39+Tarife!$E$39*(L14-Tarife!$B$39), IF(L14<=10^10,Tarife!$C$41+Tarife!$E$41*(L14-Tarife!$B$41) )))))))))))))))/L14)) -> 2111 | M15: =M14*(IF(M14=0,0, IF(M14<=Tarife!$B$27,0, IF(M14<=Tarife!$B$28,Tarife!$C$27+Tarife!$E$27*(M14-Tarife!$B$27), IF(M14<=Tarife!$B$29,Tarife!$C$28+Tarife!$E$28*(M14-Tarife!$B$28), IF(M14<=Tarife!$B$30,Tarife!$C$29+Tarife!$E$29*(M14-Tarife!$B$29), IF(M14<=Tarife!$B$31,Tarife!$C$30+Tarife!$E$30*(M14-Tarife!$B$30), IF(M14<=Tarife!$B$32,Tarife!$C$31+Tarife!$E$31*(M14-Tarife!$B$31), IF(M14<=Tarife!$B$33,Tarife!$C$32+Tarife!$E$32*(M14-Tarife!$B$32), IF(M14<=Tarife!$B$34,Tarife!$C$33+Tarife!$E$33*(M14-Tarife!$B$33), IF(M14<=Tarife!$B$35,Tarife!$C$34+Tarife!$E$34*(M14-Tarife!$B$34), IF(M14<=Tarife!$B$36,Tarife!$C$35+Tarife!$E$35*(M14-Tarife!$B$35), IF(M14<=Tarife!$B$37,Tarife!$C$36+Tarife!$E$36*(M14-Tarife!$B$36), IF(M14<=Tarife!$B$38,Tarife!$C$37+Tarife!$E$37*(M14-Tarife!$B$37), IF(M14<=Tarife!$B$39,Tarife!$C$38+Tarife!$E$38*(M14-Tarife!$B$38), IF(M14<=Tarife!$B$40,Tarife!$C$39+Tarife!$E$39*(M14-Tarife!$B$39), IF(M14<=10^10,Tarife!$C$41+Tarife!$E$41*(M14-Tarife!$B$41) )))))))))))))))/M14)) -> 2767 | N15: Variante: | R15: =H14*(IF(H14=0,0, IF(H14<=Tarife!$B$16,0, IF(H14<=Tarife!$B$17,Tarife!$C$16+Tarife!$E$16*(H14-Tarife!$B$16), IF(H14<=Tarife!$B$18,Tarife!$C$17+Tarife!$E$17*(H14-Tarife!$B$17), IF(H14<=Tarife!$B$19,Tarife!$C$18+Tarife!$E$18*(H14-Tarife!$B$18), IF(H14<=Tarife!$B$20,Tarife!$C$19+Tarife!$E$19*(H14-Tarife!$B$19), IF(H14<=Tarife!$B$21,Tarife!$C$20+Tarife!$E$20*(H14-Tarife!$B$20), IF(H14<=Tarife!$B$22,Tarife!$C$21+Tarife!$E$21*(H14-Tarife!$B$21), IF(H14<=Tarife!$B$23,Tarife!$C$22+Tarife!$E$22*(H14-Tarife!$B$22), IF(H14<=Tarife!$B$24,Tarife!$C$23+Tarife!$E$23*(H14-Tarife!$B$23), IF(H14<=Tarife!$B$26,Tarife!$C$24+Tarife!$E$24*(H14-Tarife!$B$24), IF(H14<=10^10,Tarife!$C$26+Tarife!$E$26*(H14-Tarife!$B$26) ))))))))))/H14))) -> 4838.15 | S15: =H14*(IF(H14=0,0, IF(H14<=Tarife!$B$27,0, IF(H14<=Tarife!$B$28,Tarife!$C$27+Tarife!$E$27*(H14-Tarife!$B$27), IF(H14<=Tarife!$B$29,Tarife!$C$28+Tarife!$E$28*(H14-Tarife!$B$28), IF(H14<=Tarife!$B$30,Tarife!$C$29+Tarife!$E$29*(H14-Tarife!$B$29), IF(H14<=Tarife!$B$31,Tarife!$C$30+Tarife!$E$30*(H14-Tarife!$B$30), IF(H14<=Tarife!$B$32,Tarife!$C$31+Tarife!$E$31*(H14-Tarife!$B$31), IF(H14<=Tarife!$B$33,Tarife!$C$32+Tarife!$E$32*(H14-Tarife!$B$32), IF(H14<=Tarife!$B$34,Tarife!$C$33+Tarife!$E$33*(H14-Tarife!$B$33), IF(H14<=Tarife!$B$35,Tarife!$C$34+Tarife!$E$34*(H14-Tarife!$B$34), IF(H14<=Tarife!$B$36,Tarife!$C$35+Tarife!$E$35*(H14-Tarife!$B$35), IF(H14<=Tarife!$B$37,Tarife!$C$36+Tarife!$E$36*(H14-Tarife!$B$36), IF(H14<=Tarife!$B$38,Tarife!$C$37+Tarife!$E$37*(H14-Tarife!$B$37), IF(H14<=Tarife!$B$39,Tarife!$C$38+Tarife!$E$38*(H14-Tarife!$B$38), IF(H14<=Tarife!$B$41,Tarife!$C$39+Tarife!$E$39*(H14-Tarife!$B$39), IF(H14<=10^10,Tarife!$C$41+Tarife!$E$41*(H14-Tarife!$B$41) )))))))))))))))/H14)) -> 3392
A16: 263 | B16: 259 | C16: Art. 36 Abs. 2bis DBG | D16: Kinderabzug vom Steuerbetrag | E16: =-$F$1*$A16 -> -526 | F16: =-($F$1/2)*$B16 -> -259 | G16: =-($F$1/2)*$B16 -> -259 | H16: =-($F$1)*$A16 -> -526 | I16: 0 | J16: =-($F$1/2)*$A16 -> -263 | K16: =-($F$1/2)*$A16 -> -263 | L16: =-$F$1*$A16 -> -526 | M16: =-$F$1*$A16 -> -526 | N16: niedrige Belastung | O16: hohe Belastung
D17: Steuerbetrag | E17: =IF(MAX(0,E15+E16)<25,0,MAX(0,E15+E16)) -> 2073 | F17: =IF(MAX(0,SUM(F15:F16))<25,0,MAX(0,SUM(F15:F16))) -> 4366 | G17: =IF(MAX(0,SUM(G15:G16))<25,0,MAX(0,SUM(G15:G16))) -> 0 | H17: =IF(MAX(0,SUM(H15:H16))<25,0,MAX(0,SUM(H15:H16))) -> 2866 | I17: =IF(MAX(0,SUM(I15:I16))<25,0,MAX(0,SUM(I15:I16))) -> 0 | J17: =IF(MAX(0,SUM(J15:J16))<25,0,MAX(0,SUM(J15:J16))) -> 4575.15 | K17: =IF(MAX(0,SUM(K15:K16))<25,0,MAX(0,SUM(K15:K16))) -> 0 | L17: =IF(MAX(0,L15+L16)<25,0,MAX(0,L15+L16)) -> 1585 | M17: =IF(MAX(0,SUM(M15:M16))<25,0,MAX(0,SUM(M15:M16))) -> 2241
F18: Summe | H18: Summe | J18: Summe
F19: =SUM(F17:G17) -> 4366 | H19: =SUM(H17:I17) -> 2866 | J19: =SUM(J17:K17) -> 4575.15 | N19: =MIN(H19,L17) -> 1585 | O19: =MIN(J19,M17) -> 2241
G20: Differenz | N20: Differenz | O20: Differenz
B21: Einkommensarten | G21: =F19-$E17 -> 2293 | N21: =N19-$E17 -> -488 | O21: =O19-$E17 -> 168
B22: Ersteinkommen | C22: Zweiteinkommen
B23: Erwerbseinkommen | C23: Erwerbseinkommen | D23: Anteil Ersteinkommen
B24: 140000 | C24: 0 | D24: =B24/E6 -> 1

Sheet Tarife
A1: Tarif Individualbesteuerung | D1: cpi incr | E1: =M2/M3 -> 1.0005872 | G1: Tarif Individualbesteuerung | L1: CPI
A2: bis | B2: =ROUND(H2*$E$1,-2) -> 20000 | C2: 0 | E2: 0.007 | G2: bis | H2: 20000 | I2: 0 | L2: für 2026 | M2: 170.4
A3: für | B3: =ROUND(H3*$E$1,-2) -> 34300 | C3: =C2+D3*E2 -> 100.1 | D3: =B3-B2 -> 14300 | E3: 0.009 | G3: für | H3: 34300 | I3: 100.1 | J3: =H3-H2 -> 14300 | L3: für 2025 | M3: 170.3
A4: für | B4: =ROUND(H4*$E$1,-2) -> 44800 | C4: =C3+D4*E3 -> 194.6 | D4: =B4-B3 -> 10500 | E4: 0.02 | G4: für | H4: 44800 | I4: 194.6 | J4: =H4-H3 -> 10500 | M4: =E1-1 -> 0.00058719906
A5: für | B5: =ROUND(H5*$E$1,-2) -> 59800 | C5: =C4+D5*E4 -> 494.6 | D5: =B5-B4 -> 15000 | E5: 0.033 | G5: für | H5: 59800 | I5: 494.6 | J5: =H5-H4 -> 15000
A6: für | B6: =ROUND(H6*$E$1,-2) -> 78600 | C6: =C5+D6*E5 -> 1115 | D6: =B6-B5 -> 18800 | E6: 0.07 | G6: für | H6: 78600 | I6: 1115 | J6: =H6-H5 -> 18800
A7: für | B7: =ROUND(H7*$E$1,-2) -> 84600 | C7: =C6+D7*E6 -> 1535 | D7: =B7-B6 -> 6000 | E7: 0.08 | G7: für | H7: 84600 | I7: 1535 | J7: =H7-H6 -> 6000
A8: für | B8: =ROUND(H8*$E$1,-2) -> 112300 | C8: =C7+D8*E7 -> 3751 | D8: =B8-B7 -> 27700 | E8: 0.095 | G8: für | H8: 112200 | I8: 3743 | J8: =H8-H7 -> 27600
A9: für | B9: =ROUND(H9*$E$1,-2) -> 145900 | C9: =C8+D9*E8 -> 6943 | D9: =B9-B8 -> 33600 | E9: 0.117 | G9: für | H9: 145800 | I9: 6935 | J9: =H9-H8 -> 33600
A10: für | B10: =ROUND(H10*$E$1,-2) -> 190900 | C10: =C9+D10*E9 -> 12208 | D10: =B10-B9 -> 45000 | E10: 0.133 | G10: für | H10: 190800 | I10: 12200 | J10: =H10-H9 -> 45000
A11: für | B11: =ROUND(H11*$E$1,-2)-100 -> 732400 | C11: =0.115*B11 -> 84226 | D11: =B11-B10 -> 541500 | E11: 0.115 | G11: für | H11: 732100 | I11: 84191.5 | J11: =H11-H10 -> 541300
A16: Stufe 1 Unverheiratete | B16: 15200 | C16: 0 | E16: 0.0077
A17: Stufe 2 Unverheiratete | B17: 33200 | C17: 138.6 | D17: =B17-B16 -> 18000 | E17: 0.0088
A18: Stufe 3 Unverheiratete | B18: 43500 | C18: 229.2 | D18: =B18-B17 -> 10300 | E18: 0.0264
A19: Stufe 4 Unverheiratete | B19: 58000 | C19: 612 | D19: =B19-B18 -> 14500 | E19: 0.0297
A20: Stufe 5 Unverheiratete | B20: 76200 | C20: 1152.5 | D20: =B20-B19 -> 18200 | E20: 0.0594
A21: Stufe 6 Unverheiratete | B21: 82100 | C21: 1502.95 | D21: =B21-B20 -> 5900 | E21: 0.066
A22: Stufe 7 Unverheiratete | B22: 108900 | C22: 3271.75 | D22: =B22-B21 -> 26800 | E22: 0.088
A23: Stufe 8 Unverheiratete | B23: 141500 | C23: 6140.55 | D23: =B23-B22 -> 32600 | E23: 0.11
A24: Stufe 9 Unverheiratete | B24: 185100 | C24: 10936.55 | D24: =B24-B23 -> 43600 | E24: 0.132
A25: Stufe 10 Unverheiratete | B25: 793900 | C25: 91298.15 | D25: =B25-B24 -> 608800 | E25: 0.1185
A26: Stufe 11 Unverheiratete | B26: 794000 | C26: 91310 | D26: =B26-B25 -> 100 | E26: 0.115 | F26: =C26/B26 -> 0.115
A27: Stufe 1 Verheiratete | B27: 29700 | C27: 0 | E27: 0.01
A28: Stufe 2 Verheiratete | B28: 53400 | C28: 237 | D28: =B28-B27 -> 23700 | E28: 0.02
A29: Stufe 3 Verheiratete | B29: 61300 | C29: 395 | D29: =B29-B28 -> 7900 | E29: 0.03
A30: Stufe 4 Verheiratete | B30: 79100 | C30: 929 | D30: =B30-B29 -> 17800 | E30: 0.04
A31: Stufe 5 Verheiratete | B31: 94900 | C31: 1561 | D31: =B31-B30 -> 15800 | E31: 0.05
A32: Stufe 6 Verheiratete | B32: 108700 | C32: 2251 | D32: =B32-B31 -> 13800 | E32: 0.06
A33: Stufe 7 Verheiratete | B33: 120600 | C33: 2965 | D33: =B33-B32 -> 11900 | E33: 0.07
A34: Stufe 8 Verheiratete | B34: 130500 | C34: 3658 | D34: =B34-B33 -> 9900 | E34: 0.08
A35: Stufe 9 Verheiratete | B35: 138400 | C35: 4290 | D35: =B35-B34 -> 7900 | E35: 0.09
A36: Stufe 10 Verheiratete | B36: 144300 | C36: 4821 | D36: =B36-B35 -> 5900 | E36: 0.1
A37: Stufe 11 Verheiratete | B37: 148300 | C37: 5221 | D37: =B37-B36 -> 4000 | E37: 0.11
A38: Stufe 12 Verheiratete | B38: 150400 | C38: 5452 | D38: =B38-B37 -> 2100 | E38: 0.12
A39: Stufe 13 Verheiratete | B39: 152400 | C39: 5692 | D39: =B39-B38 -> 2000 | E39: 0.13
... A41: Stufe 15 Verheiratete | B41: 941400 | C41: 108261 | D41: =B41-B40 -> 100 | E41: 0.115
